component,owner,team
test-program,Priya Natarajan,Product Test Engineering
validation-automation,Marcus Webb,Validation Automation
test-content,Priya Natarajan,Product Test Engineering
remote-lab-access,Elena Sokolova,Lab Operations
bench-access,Elena Sokolova,Lab Operations
results-store,Devon Chu,Validation Infrastructure
test-license-server,Devon Chu,Validation Infrastructure
validation-farm,Sana Rehman,Validation Compute
firmware-loader,Tomas Berg,Silicon Validation Tools
product-health-telemetry,Wei Zhang,Product Health Analytics
